Date,"Embodied cognition"
2015-07-01,265
2015-07-02,288
2015-07-03,211
2015-07-04,207
2015-07-05,234
2015-07-06,302
2015-07-07,294
2015-07-08,294
2015-07-09,306
2015-07-10,314
2015-07-11,238
2015-07-12,286
2015-07-13,313
2015-07-14,286
2015-07-15,295
2015-07-16,261
2015-07-17,219
2015-07-18,195
2015-07-19,236
2015-07-20,265
2015-07-21,264
2015-07-22,244
2015-07-23,274
2015-07-24,225
2015-07-25,204
2015-07-26,196
2015-07-27,259
2015-07-28,274
2015-07-29,320
2015-07-30,271
2015-07-31,251
2015-08-01,191
2015-08-02,213
2015-08-03,242
2015-08-04,554
2015-08-05,241
2015-08-06,229
2015-08-07,207
2015-08-08,206
2015-08-09,236
2015-08-10,240
2015-08-11,226
2015-08-12,250
2015-08-13,274
2015-08-14,243
2015-08-15,186
2015-08-16,240
2015-08-17,239
2015-08-18,253
2015-08-19,240
2015-08-20,251
2015-08-21,273
2015-08-22,191
2015-08-23,300
2015-08-24,295
2015-08-25,278
2015-08-26,270
2015-08-27,269
2015-08-28,264
2015-08-29,199
2015-08-30,205
2015-08-31,336
2015-09-01,369
2015-09-02,263
2015-09-03,284
2015-09-04,271
2015-09-05,215
2015-09-06,267
2015-09-07,305
2015-09-08,371
2015-09-09,469
2015-09-10,323
2015-09-11,298
2015-09-12,232
2015-09-13,324
2015-09-14,326
2015-09-15,344
2015-09-16,326
2015-09-17,363
2015-09-18,399
2015-09-19,237
2015-09-20,307
2015-09-21,374
2015-09-22,445
2015-09-23,503
2015-09-24,439
2015-09-25,307
2015-09-26,237
2015-09-27,275
2015-09-28,415
2015-09-29,394
2015-09-30,398
2015-10-01,396
2015-10-02,308
2015-10-03,239
2015-10-04,280
2015-10-05,368
2015-10-06,419
2015-10-07,370
2015-10-08,369
2015-10-09,352
2015-10-10,279
2015-10-11,324
2015-10-12,452
2015-10-13,409
2015-10-14,454
2015-10-15,430
2015-10-16,363
2015-10-17,285
2015-10-18,366
2015-10-19,441
2015-10-20,411
2015-10-21,386
2015-10-22,389
2015-10-23,429
2015-10-24,302
2015-10-25,330
2015-10-26,432
2015-10-27,450
2015-10-28,434
2015-10-29,386
2015-10-30,313
2015-10-31,267
2015-11-01,313
2015-11-02,447
2015-11-03,520
2015-11-04,579
2015-11-05,401
2015-11-06,369
2015-11-07,289
2015-11-08,278
2015-11-09,430
2015-11-10,481
2015-11-11,448
2015-11-12,449
2015-11-13,394
2015-11-14,278
2015-11-15,366
2015-11-16,436
2015-11-17,398
2015-11-18,390
2015-11-19,417
2015-11-20,388
2015-11-21,260
2015-11-22,278
2015-11-23,382
2015-11-24,406
2015-11-25,345
2015-11-26,351
2015-11-27,295
2015-11-28,262
2015-11-29,291
2015-11-30,404
2015-12-01,409
2015-12-02,392
2015-12-03,436
2015-12-04,352
2015-12-05,327
2015-12-06,431
2015-12-07,546
2015-12-08,516
2015-12-09,542
2015-12-10,500
2015-12-11,415
2015-12-12,313
2015-12-13,394
2015-12-14,517
2015-12-15,424
2015-12-16,394
2015-12-17,398
2015-12-18,240
2015-12-19,241
2015-12-20,235
2015-12-21,246
2015-12-22,223
2015-12-23,220
2015-12-24,185
2015-12-25,167
2015-12-26,199
2015-12-27,225
2015-12-28,255
2015-12-29,267
2015-12-30,232
2015-12-31,196
2016-01-01,186
2016-01-02,215
2016-01-03,245
2016-01-04,380
2016-01-05,388
2016-01-06,361
2016-01-07,358
2016-01-08,321
2016-01-09,310
2016-01-10,318
2016-01-11,377
2016-01-12,357
2016-01-13,415
2016-01-14,535
2016-01-15,451
2016-01-16,301
2016-01-17,349
2016-01-18,364
2016-01-19,704
2016-01-20,392
2016-01-21,364
2016-01-22,353
2016-01-23,285
2016-01-24,319
2016-01-25,400
2016-01-26,417
2016-01-27,376
2016-01-28,453
2016-01-29,372
2016-01-30,281
2016-01-31,342
2016-02-01,447
2016-02-02,379
2016-02-03,391
2016-02-04,404
2016-02-05,374
2016-02-06,360
2016-02-07,345
2016-02-08,392
2016-02-09,492
2016-02-10,487
2016-02-11,383
2016-02-12,317
2016-02-13,272
2016-02-14,264
2016-02-15,367
2016-02-16,396
2016-02-17,387
2016-02-18,445
2016-02-19,338
2016-02-20,259
2016-02-21,338
2016-02-22,434
2016-02-23,405
2016-02-24,434
2016-02-25,457
2016-02-26,352
2016-02-27,265
2016-02-28,335
2016-02-29,491
2016-03-01,390
2016-03-02,399
2016-03-03,418
2016-03-04,391
2016-03-05,352
2016-03-06,334
2016-03-07,408
2016-03-08,443
2016-03-09,409
2016-03-10,606
2016-03-11,405
2016-03-12,323
2016-03-13,358
2016-03-14,438
2016-03-15,449
2016-03-16,397
2016-03-17,369
2016-03-18,392
2016-03-19,272
2016-03-20,348
2016-03-21,384
2016-03-22,369
2016-03-23,460
2016-03-24,419
2016-03-25,353
2016-03-26,292
2016-03-27,336
2016-03-28,485
2016-03-29,426
2016-03-30,419
2016-03-31,517
2016-04-01,411
2016-04-02,332
2016-04-03,387
2016-04-04,545
2016-04-05,604
2016-04-06,569
2016-04-07,527
2016-04-08,489
2016-04-09,335
2016-04-10,414
2016-04-11,500
2016-04-12,493
2016-04-13,454
2016-04-14,516
2016-04-15,384
2016-04-16,335
2016-04-17,374
2016-04-18,580
2016-04-19,483
2016-04-20,458
2016-04-21,494
2016-04-22,351
2016-04-23,259
2016-04-24,391
2016-04-25,438
2016-04-26,450
2016-04-27,434
2016-04-28,424
2016-04-29,375
2016-04-30,354
2016-05-01,361
2016-05-02,594
2016-05-03,478
2016-05-04,425
2016-05-05,407
2016-05-06,353
2016-05-07,342
2016-05-08,439
2016-05-09,439
2016-05-10,454
2016-05-11,429
2016-05-12,381
2016-05-13,393
2016-05-14,317
2016-05-15,327
2016-05-16,336
2016-05-17,403
2016-05-18,388
2016-05-19,433
2016-05-20,353
2016-05-21,341
2016-05-22,415
2016-05-23,410
2016-05-24,470
2016-05-25,339
2016-05-26,360
2016-05-27,566
2016-05-28,252
2016-05-29,331
2016-05-30,359
2016-05-31,372
2016-06-01,354
2016-06-02,349
2016-06-03,345
2016-06-04,334
2016-06-05,312
2016-06-06,334
2016-06-07,352
2016-06-08,345
2016-06-09,415
2016-06-10,331
2016-06-11,304
2016-06-12,285
2016-06-13,312
2016-06-14,335
2016-06-15,312
2016-06-16,291
2016-06-17,256
2016-06-18,235
2016-06-19,222
2016-06-20,543
2016-06-21,334
2016-06-22,292
2016-06-23,562
2016-06-24,291
2016-06-25,263
2016-06-26,285
2016-06-27,328
2016-06-28,359
2016-06-29,329
2016-06-30,261
2016-07-01,262
2016-07-02,224
2016-07-03,214
2016-07-04,213
2016-07-05,256
2016-07-06,303
2016-07-07,323
2016-07-08,256
2016-07-09,230
2016-07-10,223
2016-07-11,253
2016-07-12,419
2016-07-13,294
2016-07-14,283
2016-07-15,242
2016-07-16,190
2016-07-17,211
2016-07-18,246
2016-07-19,290
2016-07-20,308
2016-07-21,258
2016-07-22,462
2016-07-23,213
2016-07-24,209
2016-07-25,273
2016-07-26,308
2016-07-27,325
2016-07-28,258
2016-07-29,277
2016-07-30,190
2016-07-31,215
2016-08-01,319
2016-08-02,297
2016-08-03,267
2016-08-04,257
2016-08-05,276
2016-08-06,228
2016-08-07,201
2016-08-08,288
2016-08-09,354
2016-08-10,266
2016-08-11,239
2016-08-12,234
2016-08-13,213
2016-08-14,207
2016-08-15,251
2016-08-16,271
2016-08-17,236
2016-08-18,230
2016-08-19,233
2016-08-20,207
2016-08-21,212
2016-08-22,323
2016-08-23,313
2016-08-24,285
2016-08-25,338
2016-08-26,285
2016-08-27,252
2016-08-28,292
2016-08-29,366
2016-08-30,355
2016-08-31,319
2016-09-01,342
2016-09-02,275
2016-09-03,299
2016-09-04,268
2016-09-05,383
2016-09-06,391
2016-09-07,358
2016-09-08,418
2016-09-09,362
2016-09-10,302
2016-09-11,280
2016-09-12,455
2016-09-13,394
2016-09-14,408
2016-09-15,396
2016-09-16,329
2016-09-17,253
2016-09-18,329
2016-09-19,408
2016-09-20,376
2016-09-21,379
2016-09-22,505
2016-09-23,383
2016-09-24,306
2016-09-25,304
2016-09-26,401
2016-09-27,458
2016-09-28,420
2016-09-29,415
2016-09-30,379
2016-10-01,309
2016-10-02,367
2016-10-03,478
2016-10-04,502
2016-10-05,553
2016-10-06,539
2016-10-07,355
2016-10-08,315
2016-10-09,292
2016-10-10,407
2016-10-11,416
2016-10-12,453
2016-10-13,457
2016-10-14,379
2016-10-15,324
2016-10-16,430
2016-10-17,485
2016-10-18,523
2016-10-19,491
2016-10-20,462
2016-10-21,372
2016-10-22,312
2016-10-23,361
2016-10-24,489
2016-10-25,498
2016-10-26,543
2016-10-27,476
2016-10-28,423
2016-10-29,298
2016-10-30,374
2016-10-31,538
2016-11-01,489
2016-11-02,517
2016-11-03,480
2016-11-04,432
2016-11-05,353
2016-11-06,402
2016-11-07,518
2016-11-08,449
2016-11-09,419
2016-11-10,485
2016-11-11,343
2016-11-12,353
2016-11-13,377
2016-11-14,521
2016-11-15,516
2016-11-16,479
2016-11-17,478
2016-11-18,427
2016-11-19,335
2016-11-20,313
2016-11-21,437
2016-11-22,419
2016-11-23,424
2016-11-24,406
2016-11-25,338
2016-11-26,286
2016-11-27,372
2016-11-28,532
2016-11-29,578
2016-11-30,578
2016-12-01,501
2016-12-02,429
2016-12-03,326
2016-12-04,450
2016-12-05,584
2016-12-06,540
2016-12-07,540
2016-12-08,505
2016-12-09,448
2016-12-10,381
2016-12-11,365
2016-12-12,483
2016-12-13,485
2016-12-14,503
2016-12-15,420
2016-12-16,331
2016-12-17,312
2016-12-18,341
2016-12-19,352
2016-12-20,360
2016-12-21,295
2016-12-22,321
2016-12-23,230
2016-12-24,209
2016-12-25,227
2016-12-26,233
2016-12-27,257
2016-12-28,285
2016-12-29,294
2016-12-30,266
2016-12-31,251
2017-01-01,180
2017-01-02,405
2017-01-03,435
2017-01-04,378
2017-01-05,402
2017-01-06,328
2017-01-07,269
2017-01-08,396
2017-01-09,404
2017-01-10,429
2017-01-11,400
2017-01-12,429
2017-01-13,366
2017-01-14,312
2017-01-15,365
2017-01-16,376
2017-01-17,492
2017-01-18,394
2017-01-19,363
2017-01-20,351
2017-01-21,285
2017-01-22,313
2017-01-23,438
2017-01-24,428
2017-01-25,427
2017-01-26,346
2017-01-27,403
2017-01-28,291
2017-01-29,329
2017-01-30,493
2017-01-31,392
2017-02-01,392
2017-02-02,380
2017-02-03,312
2017-02-04,266
2017-02-05,349
2017-02-06,376
2017-02-07,368
2017-02-08,432
2017-02-09,430
2017-02-10,324
2017-02-11,261
2017-02-12,354
2017-02-13,478
2017-02-14,394
2017-02-15,398
2017-02-16,401
2017-02-17,360
2017-02-18,853
2017-02-19,347
2017-02-20,446
2017-02-21,420
2017-02-22,424
2017-02-23,368
2017-02-24,346
2017-02-25,322
2017-02-26,391
2017-02-27,631
2017-02-28,400
2017-03-01,452
2017-03-02,414
2017-03-03,403
2017-03-04,307
2017-03-05,318
2017-03-06,479
2017-03-07,474
2017-03-08,421
2017-03-09,489
2017-03-10,377
2017-03-11,338
2017-03-12,434
2017-03-13,438
2017-03-14,480
2017-03-15,498
2017-03-16,484
2017-03-17,527
2017-03-18,365
2017-03-19,412
2017-03-20,485
2017-03-21,536
2017-03-22,576
2017-03-23,575
2017-03-24,461
2017-03-25,327
2017-03-26,396
2017-03-27,864
2017-03-28,500
2017-03-29,525
2017-03-30,485
2017-03-31,463
2017-04-01,383
2017-04-02,366
2017-04-03,450
2017-04-04,534
2017-04-05,515
2017-04-06,474
2017-04-07,453
2017-04-08,312
2017-04-09,363
2017-04-10,456
2017-04-11,463
2017-04-12,434
2017-04-13,404
2017-04-14,356
2017-04-15,297
2017-04-16,376
2017-04-17,499
2017-04-18,475
2017-04-19,501
2017-04-20,476
2017-04-21,380
2017-04-22,306
2017-04-23,382
2017-04-24,480
2017-04-25,441
2017-04-26,450
2017-04-27,386
2017-04-28,337
2017-04-29,426
2017-04-30,366
2017-05-01,443
2017-05-02,491
2017-05-03,422
2017-05-04,442
2017-05-05,444
2017-05-06,317
2017-05-07,365
2017-05-08,457
2017-05-09,431
2017-05-10,477
2017-05-11,418
2017-05-12,421
2017-05-13,298
2017-05-14,301
2017-05-15,382
2017-05-16,349
2017-05-17,405
2017-05-18,716
2017-05-19,384
2017-05-20,283
2017-05-21,321
2017-05-22,434
2017-05-23,397
2017-05-24,399
2017-05-25,420
2017-05-26,319
2017-05-27,267
2017-05-28,301
2017-05-29,360
2017-05-30,415
2017-05-31,384
2017-06-01,375
2017-06-02,313
2017-06-03,299
2017-06-04,306
2017-06-05,330
2017-06-06,387
2017-06-07,409
2017-06-08,386
2017-06-09,255
2017-06-10,246
2017-06-11,311
2017-06-12,370
2017-06-13,410
2017-06-14,338
2017-06-15,305
2017-06-16,276
2017-06-17,253
2017-06-18,329
2017-06-19,316
2017-06-20,321
2017-06-21,301
2017-06-22,257
2017-06-23,260
2017-06-24,221
2017-06-25,258
2017-06-26,278
2017-06-27,343
2017-06-28,292
2017-06-29,307
2017-06-30,254
2017-07-01,220
2017-07-02,209
2017-07-03,253
2017-07-04,282
2017-07-05,282
2017-07-06,273
2017-07-07,221
2017-07-08,220
2017-07-09,226
2017-07-10,291
2017-07-11,266
2017-07-12,272
2017-07-13,323
2017-07-14,282
2017-07-15,344
2017-07-16,240
2017-07-17,325
2017-07-18,341
2017-07-19,342
2017-07-20,291
2017-07-21,282
2017-07-22,228
2017-07-23,222
2017-07-24,258
2017-07-25,320
2017-07-26,306
2017-07-27,279
2017-07-28,278
2017-07-29,227
2017-07-30,219
2017-07-31,282
2017-08-01,277
2017-08-02,300
2017-08-03,300
2017-08-04,261
2017-08-05,276
2017-08-06,249
2017-08-07,317
2017-08-08,307
2017-08-09,320
2017-08-10,292
2017-08-11,222
2017-08-12,230
2017-08-13,256
2017-08-14,290
2017-08-15,289
2017-08-16,438
2017-08-17,368
2017-08-18,313
2017-08-19,266
2017-08-20,237
2017-08-21,299
2017-08-22,287
2017-08-23,271
2017-08-24,271
2017-08-25,225
2017-08-26,204
2017-08-27,259
2017-08-28,271
2017-08-29,294
2017-08-30,303
2017-08-31,289
2017-09-01,257
2017-09-02,226
2017-09-03,258
2017-09-04,341
2017-09-05,292
2017-09-06,320
2017-09-07,392
2017-09-08,302
2017-09-09,199
2017-09-10,288
2017-09-11,358
2017-09-12,319
2017-09-13,336
2017-09-14,339
2017-09-15,302
2017-09-16,286
2017-09-17,285
2017-09-18,356
2017-09-19,366
2017-09-20,372
2017-09-21,293
2017-09-22,274
2017-09-23,256
2017-09-24,271
2017-09-25,337
2017-09-26,380
2017-09-27,343
2017-09-28,377
2017-09-29,287
2017-09-30,237
2017-10-01,266
2017-10-02,304
2017-10-03,441
2017-10-04,374
2017-10-05,319
2017-10-06,322
2017-10-07,236
2017-10-08,273
2017-10-09,357
2017-10-10,399
2017-10-11,410
2017-10-12,393
2017-10-13,320
2017-10-14,280
2017-10-15,326
2017-10-16,461
2017-10-17,416
2017-10-18,758
2017-10-19,384
2017-10-20,386
2017-10-21,269
2017-10-22,314
2017-10-23,446
2017-10-24,390
2017-10-25,433
2017-10-26,456
2017-10-27,325
2017-10-28,287
2017-10-29,301
2017-10-30,491
2017-10-31,453
2017-11-01,400
2017-11-02,457
2017-11-03,385
2017-11-04,309
2017-11-05,326
2017-11-06,444
2017-11-07,510
2017-11-08,503
2017-11-09,545
2017-11-10,381
2017-11-11,292
2017-11-12,326
2017-11-13,452
2017-11-14,518
2017-11-15,457
2017-11-16,546
2017-11-17,386
2017-11-18,234
2017-11-19,313
2017-11-20,472
2017-11-21,446
2017-11-22,457
2017-11-23,382
2017-11-24,357
2017-11-25,328
2017-11-26,352
2017-11-27,456
2017-11-28,454
2017-11-29,465
2017-11-30,416
2017-12-01,417
2017-12-02,334
2017-12-03,350
2017-12-04,486
2017-12-05,489
2017-12-06,461
2017-12-07,469
2017-12-08,421
2017-12-09,370
2017-12-10,334
2017-12-11,455
2017-12-12,452
2017-12-13,450
2017-12-14,432
2017-12-15,368
2017-12-16,273
2017-12-17,314
2017-12-18,391
2017-12-19,375
2017-12-20,314
2017-12-21,309
2017-12-22,219
2017-12-23,210
2017-12-24,191
2017-12-25,210
2017-12-26,257
2017-12-27,278
2017-12-28,280
2017-12-29,260
2017-12-30,253
2017-12-31,194
2018-01-01,189
2018-01-02,298
2018-01-03,350
2018-01-04,332
2018-01-05,299
2018-01-06,298
2018-01-07,309
2018-01-08,357
2018-01-09,394
2018-01-10,405
2018-01-11,422
2018-01-12,325
2018-01-13,301
2018-01-14,327
2018-01-15,410
2018-01-16,413
2018-01-17,405
2018-01-18,387
2018-01-19,307
2018-01-20,257
2018-01-21,293
2018-01-22,366
2018-01-23,436
2018-01-24,443
2018-01-25,421
2018-01-26,423
2018-01-27,798
2018-01-28,448
2018-01-29,419
2018-01-30,393
2018-01-31,419
2018-02-01,403
2018-02-02,350
2018-02-03,326
2018-02-04,299
2018-02-05,394
2018-02-06,425
2018-02-07,408
2018-02-08,542
2018-02-09,410
2018-02-10,471
2018-02-11,348
2018-02-12,383
2018-02-13,384
2018-02-14,405
2018-02-15,403
2018-02-16,338
2018-02-17,292
2018-02-18,298
2018-02-19,377
2018-02-20,412
2018-02-21,392
2018-02-22,410
2018-02-23,360
2018-02-24,224
2018-02-25,314
2018-02-26,421
2018-02-27,414
2018-02-28,373
2018-03-01,475
2018-03-02,368
2018-03-03,302
2018-03-04,355
2018-03-05,419
2018-03-06,427
2018-03-07,401
2018-03-08,389
2018-03-09,355
2018-03-10,237
2018-03-11,297
2018-03-12,669
2018-03-13,401
2018-03-14,420
2018-03-15,411
2018-03-16,333
2018-03-17,327
2018-03-18,339
2018-03-19,427
2018-03-20,480
2018-03-21,427
2018-03-22,420
2018-03-23,403
2018-03-24,279
2018-03-25,380
2018-03-26,390
2018-03-27,443
2018-03-28,417
2018-03-29,404
2018-03-30,302
2018-03-31,290
2018-04-01,306
2018-04-02,376
2018-04-03,410
2018-04-04,441
2018-04-05,375
2018-04-06,367
2018-04-07,281
2018-04-08,333
2018-04-09,449
2018-04-10,466
2018-04-11,452
2018-04-12,435
2018-04-13,360
2018-04-14,323
2018-04-15,341
2018-04-16,409
2018-04-17,469
2018-04-18,387
2018-04-19,399
2018-04-20,391
2018-04-21,270
2018-04-22,293
2018-04-23,455
2018-04-24,433
2018-04-25,674
2018-04-26,410
2018-04-27,307
2018-04-28,235
2018-04-29,306
2018-04-30,424
2018-05-01,408
2018-05-02,453
2018-05-03,407
2018-05-04,302
2018-05-05,271
2018-05-06,304
2018-05-07,390
2018-05-08,410
2018-05-09,385
2018-05-10,411
2018-05-11,391
2018-05-12,291
2018-05-13,298
2018-05-14,372
2018-05-15,387
2018-05-16,335
2018-05-17,413
2018-05-18,307
2018-05-19,295
2018-05-20,256
2018-05-21,368
2018-05-22,360
2018-05-23,367
2018-05-24,386
2018-05-25,307
2018-05-26,274
2018-05-27,318
2018-05-28,372
2018-05-29,336
2018-05-30,378
2018-05-31,380
2018-06-01,317
2018-06-02,275
2018-06-03,309
2018-06-04,338
2018-06-05,358
2018-06-06,327
2018-06-07,325
2018-06-08,320
2018-06-09,215
2018-06-10,254
2018-06-11,299
2018-06-12,329
2018-06-13,324
2018-06-14,360
2018-06-15,302
2018-06-16,244
2018-06-17,276
2018-06-18,350
2018-06-19,346
2018-06-20,343
2018-06-21,359
2018-06-22,334
2018-06-23,261
2018-06-24,262
2018-06-25,292
2018-06-26,366
2018-06-27,309
2018-06-28,334
2018-06-29,244
2018-06-30,224
2018-07-01,243
2018-07-02,285
2018-07-03,283
2018-07-04,270
2018-07-05,280
2018-07-06,258
2018-07-07,264
2018-07-08,261
2018-07-09,286
2018-07-10,333
2018-07-11,307
2018-07-12,393
2018-07-13,322
2018-07-14,238
2018-07-15,279
2018-07-16,331
2018-07-17,336
2018-07-18,320
2018-07-19,366
2018-07-20,280
2018-07-21,263
2018-07-22,274
2018-07-23,271
2018-07-24,617
2018-07-25,357
2018-07-26,304
2018-07-27,255
2018-07-28,256
2018-07-29,223
2018-07-30,273
2018-07-31,333
2018-08-01,297
2018-08-02,335
2018-08-03,299
2018-08-04,365
2018-08-05,234
2018-08-06,280
2018-08-07,352
2018-08-08,294
2018-08-09,319
2018-08-10,300
2018-08-11,213
2018-08-12,239
2018-08-13,380
2018-08-14,346
2018-08-15,320
2018-08-16,341
2018-08-17,353
2018-08-18,252
2018-08-19,310
2018-08-20,348
2018-08-21,366
2018-08-22,312
2018-08-23,318
2018-08-24,352
2018-08-25,303
2018-08-26,347
2018-08-27,343
2018-08-28,382
2018-08-29,302
2018-08-30,388
2018-08-31,398
2018-09-01,278
2018-09-02,321
2018-09-03,378
2018-09-04,393
2018-09-05,405
2018-09-06,469
2018-09-07,365
2018-09-08,278
2018-09-09,326
2018-09-10,386
2018-09-11,357
2018-09-12,530
2018-09-13,391
2018-09-14,364
2018-09-15,302
2018-09-16,342
2018-09-17,461
2018-09-18,418
2018-09-19,426
2018-09-20,426
2018-09-21,334
2018-09-22,292
2018-09-23,316
2018-09-24,440
2018-09-25,429
2018-09-26,486
2018-09-27,386
2018-09-28,351
2018-09-29,298
2018-09-30,387
2018-10-01,372
2018-10-02,444
2018-10-03,448
2018-10-04,399
2018-10-05,372
2018-10-06,285
2018-10-07,283
2018-10-08,396
2018-10-09,446
2018-10-10,393
2018-10-11,425
2018-10-12,343
2018-10-13,292
2018-10-14,371
2018-10-15,437
2018-10-16,396
2018-10-17,412
2018-10-18,400
2018-10-19,381
2018-10-20,329
2018-10-21,362
2018-10-22,544
2018-10-23,518
2018-10-24,461
2018-10-25,528
2018-10-26,497
2018-10-27,332
2018-10-28,389
2018-10-29,523
2018-10-30,573
2018-10-31,511
2018-11-01,461
2018-11-02,424
2018-11-03,439
2018-11-04,395
2018-11-05,432
2018-11-06,498
2018-11-07,849
2018-11-08,469
2018-11-09,422
2018-11-10,340
2018-11-11,364
2018-11-12,452
2018-11-13,450
2018-11-14,482
2018-11-15,454
2018-11-16,402
2018-11-17,341
2018-11-18,419
2018-11-19,546
2018-11-20,527
2018-11-21,449
2018-11-22,436
2018-11-23,361
2018-11-24,296
2018-11-25,394
2018-11-26,480
2018-11-27,481
2018-11-28,505
2018-11-29,467
2018-11-30,366
2018-12-01,338
2018-12-02,390
2018-12-03,476
2018-12-04,513
2018-12-05,434
2018-12-06,411
2018-12-07,379
2018-12-08,297
2018-12-09,363
2018-12-10,498
2018-12-11,468
2018-12-12,443
2018-12-13,457
2018-12-14,395
2018-12-15,269
2018-12-16,335
2018-12-17,410
2018-12-18,373
2018-12-19,363
2018-12-20,358
2018-12-21,284
2018-12-22,228
2018-12-23,275
2018-12-24,254
2018-12-25,254
2018-12-26,267
2018-12-27,354
2018-12-28,301
2018-12-29,248
2018-12-30,245
2018-12-31,257
2019-01-01,385
2019-01-02,887
2019-01-03,893
2019-01-04,594
2019-01-05,354
2019-01-06,367
2019-01-07,552
2019-01-08,381
2019-01-09,385
2019-01-10,473
2019-01-11,393
2019-01-12,333
2019-01-13,351
2019-01-14,472
2019-01-15,461
2019-01-16,474
2019-01-17,406
2019-01-18,368
2019-01-19,349
2019-01-20,349
2019-01-21,376
2019-01-22,473
2019-01-23,455
2019-01-24,444
2019-01-25,354
2019-01-26,303
2019-01-27,316
2019-01-28,393
2019-01-29,465
2019-01-30,362
2019-01-31,406
2019-02-01,342
2019-02-02,301
2019-02-03,323
2019-02-04,421
2019-02-05,395
2019-02-06,433
2019-02-07,449
2019-02-08,365
2019-02-09,287
2019-02-10,296
2019-02-11,449
2019-02-12,402
2019-02-13,464
2019-02-14,364
2019-02-15,363
2019-02-16,288
2019-02-17,298
2019-02-18,680
2019-02-19,442
2019-02-20,434
2019-02-21,426
2019-02-22,356
2019-02-23,318
2019-02-24,645
2019-02-25,468
2019-02-26,464
2019-02-27,418
2019-02-28,493
2019-03-01,357
2019-03-02,358
2019-03-03,373
2019-03-04,409
2019-03-05,403
2019-03-06,404
2019-03-07,425
2019-03-08,332
2019-03-09,303
2019-03-10,317
2019-03-11,421
2019-03-12,409
2019-03-13,388
2019-03-14,403
2019-03-15,339
2019-03-16,298
2019-03-17,343
2019-03-18,414
2019-03-19,403
2019-03-20,429
2019-03-21,355
2019-03-22,409
2019-03-23,299
2019-03-24,344
2019-03-25,402
2019-03-26,441
2019-03-27,598
2019-03-28,537
2019-03-29,398
2019-03-30,268
2019-03-31,344
2019-04-01,462
2019-04-02,412
2019-04-03,449
2019-04-04,476
2019-04-05,415
2019-04-06,391
2019-04-07,367
2019-04-08,454
2019-04-09,429
2019-04-10,400
2019-04-11,438
2019-04-12,397
2019-04-13,306
2019-04-14,356
2019-04-15,420
2019-04-16,463
2019-04-17,374
2019-04-18,377
2019-04-19,345
2019-04-20,261
2019-04-21,326
2019-04-22,436
2019-04-23,433
2019-04-24,358
2019-04-25,382
2019-04-26,344
2019-04-27,370
2019-04-28,511
2019-04-29,378
2019-04-30,437
2019-05-01,374
2019-05-02,377
2019-05-03,318
2019-05-04,261
2019-05-05,322
2019-05-06,407
2019-05-07,407
2019-05-08,392
2019-05-09,440
2019-05-10,339
2019-05-11,268
2019-05-12,329
2019-05-13,403
2019-05-14,388
2019-05-15,438
2019-05-16,382
2019-05-17,254
2019-05-18,332
2019-05-19,297
2019-05-20,417
2019-05-21,331
2019-05-22,382
2019-05-23,351
2019-05-24,320
2019-05-25,261
2019-05-26,445
2019-05-27,379
2019-05-28,338
2019-05-29,385
2019-05-30,356
2019-05-31,387
2019-06-01,275
2019-06-02,260
2019-06-03,326
2019-06-04,327
2019-06-05,325
2019-06-06,366
2019-06-07,333
2019-06-08,260
2019-06-09,289
2019-06-10,329
2019-06-11,431
2019-06-12,375
2019-06-13,364
2019-06-14,290
2019-06-15,257
2019-06-16,296
2019-06-17,345
2019-06-18,354
2019-06-19,348
2019-06-20,293
2019-06-21,289
2019-06-22,228
2019-06-23,237
2019-06-24,241
2019-06-25,347
2019-06-26,304
2019-06-27,295
2019-06-28,317
2019-06-29,292
2019-06-30,314
2019-07-01,309
2019-07-02,269
2019-07-03,281
2019-07-04,275
2019-07-05,254
2019-07-06,244
2019-07-07,235
2019-07-08,314
2019-07-09,263
2019-07-10,272
2019-07-11,300
2019-07-12,346
2019-07-13,246
2019-07-14,243
2019-07-15,314
2019-07-16,285
2019-07-17,266
2019-07-18,296
2019-07-19,269
2019-07-20,251
2019-07-21,265
2019-07-22,282
2019-07-23,311
2019-07-24,330
2019-07-25,301
2019-07-26,333
2019-07-27,406
2019-07-28,237
2019-07-29,274
2019-07-30,306
2019-07-31,278
2019-08-01,290
2019-08-02,970
2019-08-03,232
2019-08-04,275
2019-08-05,273
2019-08-06,285
2019-08-07,329
2019-08-08,306
2019-08-09,263
2019-08-10,228
2019-08-11,286
2019-08-12,286
2019-08-13,348
2019-08-14,259
2019-08-15,312
2019-08-16,272
2019-08-17,246
2019-08-18,231
2019-08-19,298
2019-08-20,331
2019-08-21,279
2019-08-22,308
2019-08-23,284
2019-08-24,224
2019-08-25,241
2019-08-26,314
2019-08-27,310
2019-08-28,371
2019-08-29,338
2019-08-30,313
2019-08-31,316
2019-09-01,605
2019-09-02,329
2019-09-03,332
2019-09-04,326
2019-09-05,317
2019-09-06,274
2019-09-07,190
2019-09-08,260
2019-09-09,624
2019-09-10,372
2019-09-11,357
2019-09-12,345
2019-09-13,334
2019-09-14,246
2019-09-15,578
2019-09-16,395
2019-09-17,744
2019-09-18,632
2019-09-19,640
2019-09-20,344
2019-09-21,307
2019-09-22,390
2019-09-23,448
2019-09-24,475
2019-09-25,469
2019-09-26,390
2019-09-27,321
2019-09-28,280
2019-09-29,289
2019-09-30,456
2019-10-01,565
2019-10-02,411
2019-10-03,479
2019-10-04,351
2019-10-05,306
2019-10-06,259
2019-10-07,487
2019-10-08,494
2019-10-09,466
2019-10-10,410
2019-10-11,359
2019-10-12,345
2019-10-13,345
2019-10-14,495
2019-10-15,511
2019-10-16,421
2019-10-17,428
2019-10-18,409
2019-10-19,264
2019-10-20,400
2019-10-21,480
2019-10-22,454
2019-10-23,568
2019-10-24,455
2019-10-25,400
2019-10-26,324
2019-10-27,338
2019-10-28,479
2019-10-29,497
2019-10-30,444
2019-10-31,735
2019-11-01,359
2019-11-02,372
2019-11-03,353
2019-11-04,786
2019-11-05,462
2019-11-06,467
2019-11-07,602
2019-11-08,438
2019-11-09,309
2019-11-10,372
2019-11-11,488
2019-11-12,491
2019-11-13,424
2019-11-14,447
2019-11-15,387
2019-11-16,316
2019-11-17,346
2019-11-18,494
2019-11-19,473
2019-11-20,613
2019-11-21,441
2019-11-22,389
2019-11-23,339
2019-11-24,401
2019-11-25,579
2019-11-26,401
2019-11-27,404
2019-11-28,381
2019-11-29,413
2019-11-30,317
2019-12-01,312
2019-12-02,437
2019-12-03,417
2019-12-04,467
2019-12-05,365
2019-12-06,353
2019-12-07,297
2019-12-08,418
2019-12-09,433
2019-12-10,494
2019-12-11,501
2019-12-12,455
2019-12-13,447
2019-12-14,371
2019-12-15,475
2019-12-16,683
2019-12-17,490
2019-12-18,386
2019-12-19,276
2019-12-20,244
2019-12-21,370
2019-12-22,215
2019-12-23,359
2019-12-24,230
2019-12-25,250
2019-12-26,266
2019-12-27,264
2019-12-28,282
2019-12-29,274
2019-12-30,263
2019-12-31,409
2020-01-01,255
2020-01-02,339
2020-01-03,334
2020-01-04,270
2020-01-05,362
2020-01-06,381
2020-01-07,382
2020-01-08,611
2020-01-09,399
2020-01-10,338
2020-01-11,261
2020-01-12,375
2020-01-13,438
2020-01-14,358
2020-01-15,464
2020-01-16,454
2020-01-17,419
2020-01-18,322
2020-01-19,364
2020-01-20,473
2020-01-21,381
2020-01-22,339
2020-01-23,341
2020-01-24,304
2020-01-25,281
2020-01-26,251
2020-01-27,305
2020-01-28,301
2020-01-29,374
2020-01-30,498
2020-01-31,342
2020-02-01,257
2020-02-02,289
2020-02-03,376
2020-02-04,398
2020-02-05,365
2020-02-06,372
2020-02-07,349
2020-02-08,264
2020-02-09,302
2020-02-10,431
2020-02-11,432
2020-02-12,329
2020-02-13,366
2020-02-14,328
2020-02-15,283
2020-02-16,288
2020-02-17,373
2020-02-18,490
2020-02-19,459
2020-02-20,365
2020-02-21,432
2020-02-22,290
2020-02-23,316
2020-02-24,378
2020-02-25,367
2020-02-26,322
2020-02-27,363
2020-02-28,343
2020-02-29,254
2020-03-01,271
2020-03-02,360
2020-03-03,366
2020-03-04,344
2020-03-05,411
2020-03-06,302
2020-03-07,259
2020-03-08,238
2020-03-09,339
2020-03-10,353
2020-03-11,364
2020-03-12,359
2020-03-13,348
2020-03-14,238
2020-03-15,287
2020-03-16,310
2020-03-17,311
2020-03-18,368
2020-03-19,302
2020-03-20,331
2020-03-21,467
2020-03-22,309
2020-03-23,332
2020-03-24,360
2020-03-25,420
2020-03-26,402
2020-03-27,330
2020-03-28,333
2020-03-29,293
2020-03-30,350
2020-03-31,338
2020-04-01,354
2020-04-02,436
2020-04-03,328
2020-04-04,343
2020-04-05,406
2020-04-06,448
2020-04-07,395
2020-04-08,386
2020-04-09,410
2020-04-10,388
2020-04-11,358
2020-04-12,309
2020-04-13,354
2020-04-14,490
2020-04-15,430
2020-04-16,333
2020-04-17,343
2020-04-18,365
2020-04-19,304
2020-04-20,513
2020-04-21,449
2020-04-22,378
2020-04-23,435
2020-04-24,359
2020-04-25,303
2020-04-26,332
2020-04-27,362
2020-04-28,412
2020-04-29,403
2020-04-30,398
2020-05-01,379
2020-05-02,343
2020-05-03,374
2020-05-04,429
2020-05-05,368
2020-05-06,373
2020-05-07,366
2020-05-08,321
2020-05-09,309
2020-05-10,334
2020-05-11,385
2020-05-12,343
2020-05-13,355
2020-05-14,402
2020-05-15,355
2020-05-16,250
2020-05-17,333
2020-05-18,353
2020-05-19,370
2020-05-20,319
2020-05-21,393
2020-05-22,307
2020-05-23,293
2020-05-24,343
2020-05-25,372
2020-05-26,349
2020-05-27,358
2020-05-28,374
2020-05-29,286
2020-05-30,293
2020-05-31,269
2020-06-01,282
2020-06-02,343
2020-06-03,290
2020-06-04,283
2020-06-05,293
2020-06-06,295
2020-06-07,272
2020-06-08,301
2020-06-09,338
2020-06-10,345
2020-06-11,332
2020-06-12,320
2020-06-13,247
2020-06-14,306
2020-06-15,335
2020-06-16,298
2020-06-17,277
2020-06-18,261
2020-06-19,300
2020-06-20,269
2020-06-21,271
2020-06-22,330
2020-06-23,268
2020-06-24,304
2020-06-25,283
2020-06-26,274
2020-06-27,245
2020-06-28,247
2020-06-29,249
2020-06-30,306
2020-07-01,304
2020-07-02,259
2020-07-03,268
2020-07-04,250
2020-07-05,229
2020-07-06,282
2020-07-07,279
2020-07-08,328
2020-07-09,270
2020-07-10,247
2020-07-11,217
2020-07-12,270
2020-07-13,264
2020-07-14,310
2020-07-15,290
2020-07-16,329
2020-07-17,815
2020-07-18,253
2020-07-19,239
2020-07-20,322
2020-07-21,281
2020-07-22,290
2020-07-23,302
2020-07-24,308
2020-07-25,212
2020-07-26,215
2020-07-27,280
2020-07-28,271
2020-07-29,296
2020-07-30,309
2020-07-31,255
2020-08-01,238
2020-08-02,218
2020-08-03,289
2020-08-04,246
2020-08-05,286
2020-08-06,274
2020-08-07,243
2020-08-08,193
2020-08-09,221
2020-08-10,335
2020-08-11,250
2020-08-12,283
2020-08-13,256
2020-08-14,230
2020-08-15,225
2020-08-16,206
2020-08-17,360
2020-08-18,403
2020-08-19,287
2020-08-20,323
2020-08-21,314
2020-08-22,277
2020-08-23,536
2020-08-24,597
2020-08-25,327
2020-08-26,318
2020-08-27,358
2020-08-28,210
2020-08-29,329
2020-08-30,237
2020-08-31,290
2020-09-01,279
2020-09-02,333
2020-09-03,303
2020-09-04,315
2020-09-05,236
2020-09-06,249
2020-09-07,307
2020-09-08,346
2020-09-09,320
2020-09-10,320
2020-09-11,338
2020-09-12,296
2020-09-13,303
2020-09-14,358
2020-09-15,358
2020-09-16,318
2020-09-17,412
2020-09-18,413
2020-09-19,280
2020-09-20,408
2020-09-21,352
2020-09-22,317
2020-09-23,351
2020-09-24,285
2020-09-25,351
2020-09-26,255
2020-09-27,316
2020-09-28,410
2020-09-29,342
2020-09-30,323
2020-10-01,314
2020-10-02,285
2020-10-03,259
2020-10-04,298
2020-10-05,383
2020-10-06,337
2020-10-07,357
2020-10-08,601
2020-10-09,306
2020-10-10,263
2020-10-11,637
2020-10-12,454
2020-10-13,402
2020-10-14,364
2020-10-15,409
2020-10-16,363
2020-10-17,322
2020-10-18,302
2020-10-19,397
2020-10-20,417
2020-10-21,364
2020-10-22,338
2020-10-23,382
2020-10-24,274
2020-10-25,307
2020-10-26,410
2020-10-27,459
2020-10-28,458
2020-10-29,349
2020-10-30,329
2020-10-31,309
2020-11-01,356
2020-11-02,415
2020-11-03,419
2020-11-04,389
2020-11-05,361
2020-11-06,386
2020-11-07,364
2020-11-08,354
2020-11-09,461
2020-11-10,478
2020-11-11,385
2020-11-12,416
2020-11-13,371
2020-11-14,335
2020-11-15,333
2020-11-16,449
2020-11-17,404
2020-11-18,369
2020-11-19,386
2020-11-20,353
2020-11-21,302
2020-11-22,311
2020-11-23,406
2020-11-24,345
2020-11-25,435
2020-11-26,339
2020-11-27,341
2020-11-28,286
2020-11-29,323
2020-11-30,604
2020-12-01,481
2020-12-02,423
2020-12-03,366
2020-12-04,373
2020-12-05,321
2020-12-06,364
2020-12-07,378
2020-12-08,406
2020-12-09,376
2020-12-10,435
2020-12-11,378
2020-12-12,296
2020-12-13,323
2020-12-14,384
2020-12-15,317
2020-12-16,363
2020-12-17,424
2020-12-18,326
2020-12-19,274
2020-12-20,281
2020-12-21,266
2020-12-22,286
2020-12-23,227
2020-12-24,235
2020-12-25,196
2020-12-26,214
2020-12-27,314
2020-12-28,375
2020-12-29,335
2020-12-30,289
2020-12-31,254
2021-01-01,243
2021-01-02,267
2021-01-03,262
2021-01-04,281
2021-01-05,332
2021-01-06,308
2021-01-07,430
2021-01-08,361
2021-01-09,220
2021-01-10,337
2021-01-11,347
2021-01-12,303
2021-01-13,302
2021-01-14,363
2021-01-15,299
2021-01-16,246
2021-01-17,350
2021-01-18,371
2021-01-19,348
2021-01-20,332
2021-01-21,524
2021-01-22,354
2021-01-23,270
2021-01-24,340
2021-01-25,367
2021-01-26,376
2021-01-27,404
2021-01-28,365
2021-01-29,321
2021-01-30,295
2021-01-31,313
2021-02-01,328
2021-02-02,379
2021-02-03,334
2021-02-04,338
2021-02-05,327
2021-02-06,305
2021-02-07,307
2021-02-08,366
2021-02-09,395
2021-02-10,364
2021-02-11,338
2021-02-12,353
2021-02-13,290
2021-02-14,301
2021-02-15,386
2021-02-16,390
2021-02-17,485
2021-02-18,446
2021-02-19,366
2021-02-20,365
2021-02-21,345
2021-02-22,447
2021-02-23,403
2021-02-24,379
2021-02-25,386
2021-02-26,402
2021-02-27,303
2021-02-28,320
2021-03-01,421
2021-03-02,367
2021-03-03,384
2021-03-04,410
2021-03-05,332
2021-03-06,304
2021-03-07,321
2021-03-08,366
2021-03-09,359
2021-03-10,447
2021-03-11,356
2021-03-12,368
2021-03-13,297
2021-03-14,379
2021-03-15,411
2021-03-16,337
2021-03-17,389
2021-03-18,344
2021-03-19,305
2021-03-20,288
2021-03-21,310
2021-03-22,427
2021-03-23,446
2021-03-24,383
2021-03-25,344
2021-03-26,334
2021-03-27,304
2021-03-28,290
2021-03-29,426
2021-03-30,339
2021-03-31,374
2021-04-01,322
2021-04-02,281
2021-04-03,309
2021-04-04,296
2021-04-05,369
2021-04-06,352
2021-04-07,378
2021-04-08,374
2021-04-09,333
2021-04-10,282
2021-04-11,330
2021-04-12,396
2021-04-13,335
2021-04-14,380
2021-04-15,410
2021-04-16,356
2021-04-17,321
2021-04-18,640
2021-04-19,397
2021-04-20,386
2021-04-21,404
2021-04-22,427
2021-04-23,384
2021-04-24,301
2021-04-25,346
2021-04-26,439
2021-04-27,400
2021-04-28,457
2021-04-29,484
2021-04-30,415
2021-05-01,340
2021-05-02,336
2021-05-03,423
2021-05-04,483
2021-05-05,382
2021-05-06,364
2021-05-07,336
2021-05-08,294
2021-05-09,339
2021-05-10,337
2021-05-11,437
2021-05-12,382
2021-05-13,370
2021-05-14,290
2021-05-15,276
2021-05-16,271
2021-05-17,355
2021-05-18,359
2021-05-19,372
2021-05-20,368
2021-05-21,323
2021-05-22,243
2021-05-23,307
2021-05-24,499
2021-05-25,412
2021-05-26,421
2021-05-27,379
2021-05-28,300
2021-05-29,332
2021-05-30,292
2021-05-31,339
2021-06-01,316
2021-06-02,373
2021-06-03,327
2021-06-04,306
2021-06-05,274
2021-06-06,294
2021-06-07,370
2021-06-08,380
2021-06-09,426
2021-06-10,315
2021-06-11,337
2021-06-12,317
2021-06-13,290
2021-06-14,358
2021-06-15,287
2021-06-16,406
2021-06-17,300
2021-06-18,263
2021-06-19,207
2021-06-20,286
2021-06-21,322
2021-06-22,308
2021-06-23,436
2021-06-24,366
2021-06-25,258
2021-06-26,284
2021-06-27,234
2021-06-28,325
2021-06-29,261
2021-06-30,279
2021-07-01,318
2021-07-02,221
2021-07-03,234
2021-07-04,273
2021-07-05,301
2021-07-06,381
2021-07-07,346
2021-07-08,317
2021-07-09,315
2021-07-10,241
2021-07-11,265
2021-07-12,299
2021-07-13,311
2021-07-14,253
2021-07-15,316
2021-07-16,269
2021-07-17,344
2021-07-18,231
2021-07-19,359
2021-07-20,314
2021-07-21,280
2021-07-22,289
2021-07-23,341
2021-07-24,317
2021-07-25,268
2021-07-26,284
2021-07-27,290
2021-07-28,288
2021-07-29,286
2021-07-30,260
2021-07-31,237
2021-08-01,269
2021-08-02,327
2021-08-03,297
2021-08-04,291
2021-08-05,286
2021-08-06,238
2021-08-07,267
2021-08-08,240
2021-08-09,271
2021-08-10,301
2021-08-11,280
2021-08-12,293
2021-08-13,251
2021-08-14,264
2021-08-15,268
2021-08-16,315
2021-08-17,352
2021-08-18,301
2021-08-19,373
2021-08-20,394
2021-08-21,309
2021-08-22,282
2021-08-23,334
2021-08-24,352
2021-08-25,329
2021-08-26,290
2021-08-27,358
2021-08-28,274
2021-08-29,259
2021-08-30,283
2021-08-31,363
2021-09-01,304
2021-09-02,272
2021-09-03,254
2021-09-04,1236
2021-09-05,320
2021-09-06,340
2021-09-07,309
2021-09-08,316
2021-09-09,325
2021-09-10,292
2021-09-11,267
2021-09-12,232
2021-09-13,309
2021-09-14,530
2021-09-15,328
2021-09-16,342
2021-09-17,270
2021-09-18,296
2021-09-19,298
2021-09-20,418
2021-09-21,316
2021-09-22,287
2021-09-23,360
2021-09-24,338
2021-09-25,294
2021-09-26,320
2021-09-27,391
2021-09-28,461
2021-09-29,442
2021-09-30,358
2021-10-01,395
2021-10-02,305
2021-10-03,435
2021-10-04,412
2021-10-05,363
2021-10-06,447
2021-10-07,470
2021-10-08,478
2021-10-09,262
2021-10-10,271
2021-10-11,367
2021-10-12,395
2021-10-13,322
2021-10-14,309
2021-10-15,356
2021-10-16,357
2021-10-17,440
2021-10-18,478
2021-10-19,496
2021-10-20,424
2021-10-21,500
2021-10-22,489
2021-10-23,398
2021-10-24,319
2021-10-25,408
2021-10-26,542
2021-10-27,398
2021-10-28,662
2021-10-29,357
2021-10-30,330
2021-10-31,344
2021-11-01,447
2021-11-02,449
2021-11-03,495
2021-11-04,383
2021-11-05,415
2021-11-06,343
2021-11-07,342
2021-11-08,486
2021-11-09,6021
2021-11-10,2505
2021-11-11,557
2021-11-12,385
2021-11-13,304
2021-11-14,326
2021-11-15,410
2021-11-16,368
2021-11-17,459
2021-11-18,399
2021-11-19,317
2021-11-20,273
2021-11-21,287
2021-11-22,360
2021-11-23,398
2021-11-24,368
2021-11-25,338
2021-11-26,299
2021-11-27,266
2021-11-28,349
2021-11-29,354
2021-11-30,396
2021-12-01,435
2021-12-02,342
2021-12-03,312
2021-12-04,272
2021-12-05,316
2021-12-06,458
2021-12-07,450
2021-12-08,476
2021-12-09,408
2021-12-10,315
2021-12-11,312
2021-12-12,341
2021-12-13,373
2021-12-14,386
2021-12-15,356
2021-12-16,421
2021-12-17,479
2021-12-18,314
2021-12-19,315
2021-12-20,385
2021-12-21,350
2021-12-22,294
2021-12-23,295
2021-12-24,214
2021-12-25,189
2021-12-26,238
2021-12-27,294
2021-12-28,470
2021-12-29,271
2021-12-30,286
2021-12-31,208
2022-01-01,235
2022-01-02,287
2022-01-03,319
2022-01-04,350
2022-01-05,444
2022-01-06,388
2022-01-07,304
2022-01-08,266
2022-01-09,299
2022-01-10,348
2022-01-11,1710
2022-01-12,389
2022-01-13,353
2022-01-14,357
2022-01-15,272
2022-01-16,313
2022-01-17,397
2022-01-18,470
2022-01-19,661
2022-01-20,457
2022-01-21,367
2022-01-22,277
2022-01-23,288
2022-01-24,360
2022-01-25,444
2022-01-26,382
2022-01-27,430
2022-01-28,418
2022-01-29,340
2022-01-30,436
2022-01-31,437
2022-02-01,449
2022-02-02,446
2022-02-03,555
2022-02-04,476
2022-02-05,289
2022-02-06,317
2022-02-07,409
2022-02-08,442
2022-02-09,431
2022-02-10,575
2022-02-11,893
2022-02-12,520
2022-02-13,690
2022-02-14,416
2022-02-15,555
2022-02-16,476
2022-02-17,375
2022-02-18,427
2022-02-19,436
2022-02-20,454
2022-02-21,350
2022-02-22,501
2022-02-23,414
2022-02-24,348
2022-02-25,379
2022-02-26,370
2022-02-27,370
2022-02-28,428
2022-03-01,366
2022-03-02,447
2022-03-03,464
2022-03-04,493
2022-03-05,526
2022-03-06,444
2022-03-07,413
2022-03-08,410
2022-03-09,403
2022-03-10,336
2022-03-11,368
2022-03-12,324
2022-03-13,374
2022-03-14,393
2022-03-15,440
2022-03-16,543
2022-03-17,395
2022-03-18,394
2022-03-19,386
2022-03-20,404
2022-03-21,441
2022-03-22,436
2022-03-23,463
2022-03-24,446
2022-03-25,380
2022-03-26,315
2022-03-27,380
2022-03-28,416
2022-03-29,492
2022-03-30,465
2022-03-31,361
2022-04-01,338
2022-04-02,303
2022-04-03,381
2022-04-04,376
2022-04-05,452
2022-04-06,436
2022-04-07,361
2022-04-08,358
2022-04-09,400
2022-04-10,448
2022-04-11,377
2022-04-12,365
2022-04-13,359
2022-04-14,377
2022-04-15,395
2022-04-16,306
2022-04-17,333
2022-04-18,412
2022-04-19,406
2022-04-20,437
2022-04-21,454
2022-04-22,434
2022-04-23,344
2022-04-24,341
2022-04-25,476
2022-04-26,431
2022-04-27,453
2022-04-28,420
2022-04-29,335
2022-04-30,335
2022-05-01,439
2022-05-02,408
2022-05-03,355
2022-05-04,1396
2022-05-05,416
2022-05-06,448
2022-05-07,323
2022-05-08,326
2022-05-09,465
2022-05-10,413
2022-05-11,459
2022-05-12,377
2022-05-13,401
2022-05-14,336
2022-05-15,379
2022-05-16,422
2022-05-17,416
2022-05-18,352
2022-05-19,353
2022-05-20,377
2022-05-21,365
2022-05-22,364
2022-05-23,396
2022-05-24,457
2022-05-25,796
2022-05-26,439
2022-05-27,427
2022-05-28,435
2022-05-29,478
2022-05-30,494
2022-05-31,466
